-- MySQL dump 10.13  Distrib 5.7.29, for osx10.15 (x86_64)
--
-- Host: localhost    Database: paypay_challenge
-- ------------------------------------------------------
-- Server version	5.7.29

/*!40101 SET @OLD_CHARACTER_SET_CLIENT=@@CHARACTER_SET_CLIENT */;
/*!40101 SET @OLD_CHARACTER_SET_RESULTS=@@CHARACTER_SET_RESULTS */;
/*!40101 SET @OLD_COLLATION_CONNECTION=@@COLLATION_CONNECTION */;
/*!40101 SET NAMES utf8 */;
/*!40103 SET @OLD_TIME_ZONE=@@TIME_ZONE */;
/*!40103 SET TIME_ZONE='+00:00' */;
/*!40014 SET @OLD_UNIQUE_CHECKS=@@UNIQUE_CHECKS, UNIQUE_CHECKS=0 */;
/*!40014 SET @OLD_FOREIGN_KEY_CHECKS=@@FOREIGN_KEY_CHECKS, FOREIGN_KEY_CHECKS=0 */;
/*!40101 SET @OLD_SQL_MODE=@@SQL_MODE, SQL_MODE='NO_AUTO_VALUE_ON_ZERO' */;
/*!40111 SET @OLD_SQL_NOTES=@@SQL_NOTES, SQL_NOTES=0 */;

--
-- Dumping data for table `feedback_answers`
--

LOCK TABLES `feedback_answers` WRITE;
/*!40000 ALTER TABLE `feedback_answers` DISABLE KEYS */;
INSERT INTO `feedback_answers` VALUES (1,1,43,3,'test2','2020-05-12 13:23:12',NULL),(2,1,42,5,'test','2020-05-12 13:23:12',NULL),(3,1,44,2,'test3','2020-05-12 13:23:12',NULL),(4,2,42,5,'test','2020-05-12 23:27:57',NULL),(5,2,43,3,'test2','2020-05-12 23:27:57',NULL),(6,2,44,2,'test3','2020-05-12 23:27:57',NULL),(7,3,51,5,'TEst','2020-05-13 05:31:01',NULL),(8,3,52,5,'Test','2020-05-13 05:31:01',NULL),(9,3,53,5,'Test','2020-05-13 05:31:01',NULL),(10,3,56,5,'Test','2020-05-13 05:31:01',NULL),(11,3,54,5,'Test','2020-05-13 05:31:01',NULL),(12,3,58,5,'Test','2020-05-13 05:31:01',NULL),(13,3,55,5,'Test','2020-05-13 05:31:01',NULL),(14,3,57,5,'Test','2020-05-13 05:31:01',NULL),(15,3,59,5,'Test','2020-05-13 05:31:01',NULL),(16,3,60,5,'Test','2020-05-13 05:31:01',NULL),(17,3,61,5,'Test','2020-05-13 05:31:01',NULL),(18,3,62,5,'Test','2020-05-13 05:31:01',NULL),(19,3,63,5,'Test','2020-05-13 05:31:01',NULL),(20,3,64,5,'Test','2020-05-13 05:31:01',NULL),(21,3,65,5,'Test','2020-05-13 05:31:01',NULL),(22,3,66,5,'Test','2020-05-13 05:31:01',NULL),(23,3,67,5,'Test','2020-05-13 05:31:01',NULL);
/*!40000 ALTER TABLE `feedback_answers` ENABLE KEYS */;
UNLOCK TABLES;

--
-- Dumping data for table `feedback_assignments`
--

LOCK TABLES `feedback_assignments` WRITE;
/*!40000 ALTER TABLE `feedback_assignments` DISABLE KEYS */;
INSERT INTO `feedback_assignments` VALUES (6,'53e2092a-85ab-48eb-a82e-4fb82d26a0f7','7a57ea22-c8e3-49ee-a838-64adc03906c2',14,'2020-05-13 02:25:52',NULL),(7,'53e2092a-85ab-48eb-a82e-4fb82d26a0f7','81bfec61-3160-47ff-8e5c-168fbfee83c0',14,'2020-05-13 02:25:58',NULL),(8,'53e2092a-85ab-48eb-a82e-4fb82d26a0f7','ab97c007-7ef0-46ea-a947-f3c5d75b1307',14,'2020-05-13 02:26:06',NULL),(9,'53e2092a-85ab-48eb-a82e-4fb82d26a0f7','f464ad69-2287-4fd0-afd5-bad3a6db1998',14,'2020-05-13 02:26:13',NULL),(10,'53e2092a-85ab-48eb-a82e-4fb82d26a0f7','fea9f949-47f4-43ce-890a-bfbd60d88fdd',14,'2020-05-13 02:26:19',NULL),(11,'7a57ea22-c8e3-49ee-a838-64adc03906c2','53e2092a-85ab-48eb-a82e-4fb82d26a0f7',14,'2020-05-13 02:26:35',NULL),(12,'7a57ea22-c8e3-49ee-a838-64adc03906c2','81bfec61-3160-47ff-8e5c-168fbfee83c0',14,'2020-05-13 02:26:42',NULL),(13,'7a57ea22-c8e3-49ee-a838-64adc03906c2','f464ad69-2287-4fd0-afd5-bad3a6db1998',14,'2020-05-13 02:26:51',NULL),(14,'7a57ea22-c8e3-49ee-a838-64adc03906c2','fea9f949-47f4-43ce-890a-bfbd60d88fdd',14,'2020-05-13 02:26:57',NULL);
/*!40000 ALTER TABLE `feedback_assignments` ENABLE KEYS */;
UNLOCK TABLES;

--
-- Dumping data for table `feedbacks`
--

LOCK TABLES `feedbacks` WRITE;
/*!40000 ALTER TABLE `feedbacks` DISABLE KEYS */;
INSERT INTO `feedbacks` VALUES (3,'53e2092a-85ab-48eb-a82e-4fb82d26a0f7','7a57ea22-c8e3-49ee-a838-64adc03906c2',14,'2020-05-13 05:31:01',NULL);
/*!40000 ALTER TABLE `feedbacks` ENABLE KEYS */;
UNLOCK TABLES;

--
-- Dumping data for table `performance_reviews`
--

LOCK TABLES `performance_reviews` WRITE;
/*!40000 ALTER TABLE `performance_reviews` DISABLE KEYS */;
INSERT INTO `performance_reviews` VALUES (14,'Software Engineer Performance Review','2020-05-13 02:24:32',NULL);
/*!40000 ALTER TABLE `performance_reviews` ENABLE KEYS */;
UNLOCK TABLES;

--
-- Dumping data for table `review_categories`
--

LOCK TABLES `review_categories` WRITE;
/*!40000 ALTER TABLE `review_categories` DISABLE KEYS */;
INSERT INTO `review_categories` VALUES (24,NULL,'category 1','2020-05-10 05:54:48','2020-05-11 08:24:02'),(25,NULL,'category 2','2020-05-10 05:54:48','2020-05-11 08:24:02'),(26,NULL,'category 4','2020-05-10 05:54:48','2020-05-11 08:24:02'),(27,NULL,'category 1','2020-05-11 08:24:02','2020-05-11 08:25:43'),(28,NULL,'category 2','2020-05-11 08:24:02','2020-05-11 08:25:43'),(29,NULL,'category 5','2020-05-11 08:24:02','2020-05-11 08:25:43'),(30,NULL,'category 1','2020-05-11 08:25:43','2020-05-11 08:26:19'),(31,NULL,'category 2','2020-05-11 08:25:43','2020-05-11 08:26:19'),(32,NULL,'category 5','2020-05-11 08:25:43','2020-05-11 08:26:19'),(33,NULL,'category 1','2020-05-11 08:26:19','2020-05-11 08:26:25'),(34,NULL,'category 2','2020-05-11 08:26:19','2020-05-11 08:26:25'),(35,NULL,'category 6','2020-05-11 08:26:19','2020-05-11 08:26:25'),(36,NULL,'category 1','2020-05-11 08:26:25','2020-05-11 08:27:19'),(37,NULL,'category 2','2020-05-11 08:26:25','2020-05-11 08:27:19'),(38,NULL,'category 6','2020-05-11 08:26:25','2020-05-11 08:27:19'),(39,NULL,'category 1','2020-05-11 08:27:19','2020-05-11 08:29:01'),(40,NULL,'category 2','2020-05-11 08:27:19','2020-05-11 08:29:01'),(41,NULL,'category 7','2020-05-11 08:27:19','2020-05-11 08:29:01'),(45,NULL,'Test','2020-05-13 00:40:56','2020-05-13 00:41:04'),(51,14,'Skill and proficiency in carrying out assignments','2020-05-13 02:24:32',NULL),(52,14,'Proficiency at improving work methods and procedures as a means toward greater efficiency','2020-05-13 02:24:32',NULL),(53,14,'Possesses skills and knowledge to perform the job competently','2020-05-13 02:24:32',NULL),(54,14,'Holds self accountable for assigned responsibilities; sees tasks through to completion in a timely manner','2020-05-13 02:24:32',NULL),(55,14,'Skill at planning, organizing and prioritizing workload','2020-05-13 02:24:32',NULL),(56,14,'Ability to work independently','2020-05-13 02:24:32',NULL),(57,14,'Communicates effectively with supervisor, peers, and customers','2020-05-13 02:24:32',NULL),(58,14,'Ability to work cooperatively with supervision or as part of a team','2020-05-13 02:24:32',NULL),(59,14,'Willingness to take on additional responsibilities','2020-05-13 02:24:32',NULL),(60,14,'Reliability (attendance, punctuality, meeting deadlines)','2020-05-13 02:24:32',NULL),(61,14,'Adeptness at analyzing facts, problem solving, decision-making, and demonstrating good judgment','2020-05-13 02:24:32',NULL),(62,14,'Displays fairness towards all subordinates.','2020-05-13 02:24:32',NULL),(63,14,'Identifies performance expectations, gives timely feedback and conducts formal performance appraisals.','2020-05-13 02:24:32',NULL),(64,14,'Helps employees to see the potential for developing their skills; assists them in eliminating barriers to their development.','2020-05-13 02:24:32',NULL),(65,14,'Delegates responsibility where appropriate, based on the employee’s ability and potential.','2020-05-13 02:24:32',NULL),(66,14,'Takes timely and appropriate corrective/disciplinary action with employees. ','2020-05-13 02:24:32',NULL),(67,14,'Takes specific steps to create and develop their diverse workforce and to promote an inclusive environment.','2020-05-13 02:24:32',NULL);
/*!40000 ALTER TABLE `review_categories` ENABLE KEYS */;
UNLOCK TABLES;

--
-- Dumping data for table `users`
--

LOCK TABLES `users` WRITE;
/*!40000 ALTER TABLE `users` DISABLE KEYS */;
INSERT INTO `users` VALUES ('53e2092a-85ab-48eb-a82e-4fb82d26a0f7','Sasuke','Uchiha','sasuke@konoha.com','34d96a3d98a73d063ea4d5cb6e2025c9','1aa47f0f280841c95d760cb6e390f290b4d82b525028ceb67b7b4db04488a96673623de6b35dbb55d0315a034e6fbf0b170facf727a3b49294d204bcb031c5a31c056691dd7bee78180c4b0251a1c8b5204590b71806b7a578c1c9688adefaa21ae7bc8051ad4ce16e4d1951e14d826e4f7c6ce2d39e9e7b3903c448d87fa76e199617eabc35e211836c75fd6f0fb02a8d0e43a64b0f5a1b70068364d54daad81eab64b4b3a6de35433e211c5d572262b788c377fc14c42339fe557ba7066fbc05211c4cc2d2007391575971d59de22853f41692a5f592ef7c2f4daecce7ae6a2d9c5a7da4567aab6861c1f2c35a8b689b584f9370bc3fb32b6048e2ccd139f25b5967314d806bfe3d84a6390e54cd39db781adf3cbfc0da062dea37569e9e581cb69deeb2db4424cb176a76b9577cb9360f1397816b1e81f0b84ddfa590989666dce872eedfeaa39a1579eb1125979894b7fb8b35536f5646995f977a1622cb8e701e2be1c52dea94404a907658192943519228c029b43327e99339c795fc9312b104b09f663e4bb7d7642f9406538a4d9d912b6ddd5ecbda8f834d018b0ce622ba9ee68c341c04abbbb0d501b8e6edffa9f9bb132968bef3aa49eb6a63204e43e054267f76a5254170fb1e39cf6f4b5cd3a7a523a63f62b37c1220439deb8b7a2b83619e3bd6241cb613074e6029551165f7b3ae5820e3e3a1a3456e974394','employee','2020-05-09 06:26:55','2020-05-13 02:19:57'),('7a57ea22-c8e3-49ee-a838-64adc03906c2','Naruto','Uzumaki','naruto@konoha.com','92dbfd51088549a736d53dc29ca82a2c','a2c6af737ebbfe1dc4429177f6ffd88f87d1779092989616145cb944c739a632ddf2bb740d3213de601753b302d62311e7191e68462495a7e72d2bb7c4c2ceb681b3560988322c91d97894bd23230b766d1bb559b060488368f363d971bf6326a976ff14f9948c11ce6122a509f88ecf1d43c6b5b6f991704fed7571dd4da2bfc8ff4bde6ba89249c3b996506c9c742179373189079726d69bba0406c3071ff6c0eaa57bb79937524125952ffc79b90fbe8cb47fce787eed98ee8eeb7b2f28b130f69762ba662022cf55b9b2983de75a0391b283ad8ab0b921017522d706327e45557360a230a0b16a73e260ba2a37c588e6a85808d0c5dabf95fc76cac8ed0d4ac3b6a3b40145232e715dc3726838b74ae587d428820cb46317c71b615c313ca7c5702d3e662af576a7bb795945170d29679658e97338eaf6182649104a68efc10262cae8b0f003654db74012502002fc8fd3860c43b4ed4e2dfe8e11bdb78085cb4544cd039407446df91c62edc9eb9c47e95de467a172b7218c782e052ec3e3f8540b0909dffe745d937136434d5f45e84ee6f08dbd216aa41ca6777a36f49bf1b211c02d6ca08dad9e0abb186400f645c36ce691dc15128a76bde46e8071315e4cd7a9231cc2b3d5564a663cb0fc605e4f1c4c3ecf9c8823ffdae0ef795e7befca308ceeb41961b35eb1f7de17f7dc1db9725e224d06c0f5147cb0ff90d7','employee','2020-05-12 22:34:30','2020-05-13 02:20:07'),('7f934bbb-0bec-4543-ad37-bb021a44f7b1','admin','san','admin@admin.com','c56afab56784c0e67f6ee59b78e725a9','eb2843a76700a923118d855f67f03e7f5d650092811cef5cff2b39340b2ca4fdc807eebcd54a7f7c4453b6530d78570cec77b93fed6aea26403920bcfa87d877388769d7981a2e935d4044a8471bf8ed88aba637ab74eacd377437e175785b81d14653d0e6523e449df22a0617c93d3fbe857d777542ef0c6b2585f07ad84e2e90188656da7ee91b64d89bd38e27cfdd46bc7a7cb1d797d99938730d4df0f08ff646a3b28dd052f0e3e38a36287fc5f8a468f619acd22fb2d8a9399024c297065efbdd41224893342b9071ba91a5ab1bcf7bd19a774a081d2c62750f323009480b598bdc57b3915f1de7380e9a2a7f468eebb070a5a80d5bfbc5d9f058b9424b982d4b62e50ff34782df3dd5511eb8556cd5de20cc9c23011429c6db51be019a1ab63d608a8838d3797a7fffdd703e21ca4cbee24c90745c7ac326f4564d8cb83dbf8cf1e6ca9dd68068ce0aeb588dfb4d3edc53a8e6ff3e0af4093ca92c6d62ed736c5340f02a80cd88bde9f108d4f2244e90e76d85a4e167d4ef857e8f59085efbc57b7e2e07010285122a29b42f50aaf79697402d82034aecc1cdaced75160bfde27eaa8c4c4b5736a23eb94eed29df8032b7c40ee508019247dfc0d52ef8118a54eb52949a1d62eb2d8bb6ab150b33c2e95e7306fc4dd202ea2369b214cbf35adafe0e4997571286f64ca75f174686450da839f28369193abeba26d14232','admin','2020-05-09 05:20:22',NULL),('81bfec61-3160-47ff-8e5c-168fbfee83c0','Shikamaru','Nara','shikamaru@konoha.com','b6df79c450b708d03ab01764f0b62b6d','af4155372e2822b3d6cec05fe1cccf370ed927c5a3ac7b32292818d7d4685f1d2c3322108cc5a2af00e1ac44266c2fc838793abf30ba483d8beff8e0771b119586c0ac02606727cd45bd9a27f63b52df15ba14be15df61189048976a86c2b6b5d6a67f3d70a2948ba297bbc6d4e6919b9f1acdd2ca909b83265aa8ae36fce4a78162fd4d2d5cfa2b126b6e160503779e77c38fe57f85a15d8e23734e1207c4a2ff4ed3b77765eba9215134eec5873fbbd546c2c1c56189a3a75f5f02a1ea37de5760d17936989d3cdaaa9dc5b74b1ee49ce0f7e25023f278b795e63b4b46f5806fbef6685550b3cf5a8a526fe23506f3cb1ab18b5c20d50131b73afe7384263e43f316d894319e641c47638cec3ed6b9c97b4a266123982057f454f19f139d5c82f177c5ccd5289c7dcc16d48df7163fb66735a25b3b81251805a38ced40edc30605a550e27e49f340832aa84d3a91f6819dcb2f9809612d4133abc7d0bd57d52434c25983e5d70769fb0fa81764616749c9aa3812683d4ec9374c67c007bec93b1ed2bd5cf6b6d31e51d1644f8927b667bd33be5d36537bbcbf296b044d1ae49aa9eeb47b260c641ab7296f8778a48f092594706c00a263b4809acad2b6a3b17ce81522b4865c0859b9931fc49eb53092b4f848604cccb909f5e917ea348d748bdf2aff7685579139e76c751d7258ea6433663d674061a3e326e7d9e74b86e0','employee','2020-05-12 22:46:57','2020-05-13 02:20:11'),('ab97c007-7ef0-46ea-a947-f3c5d75b1307','Gaara','Of The Dessert','gaara@tsuna.com','3c0c0bd0f9c6425bc0972cb67072cd2d','b5308a8347a6c3ea48e67978f313c693af7e2f798d9867fc3a79632f39beca73c204222beb1efa8a4c31f27cb4274d294ab2d04d93819f706d7657c61da19ccad824b7c6d020ec225b5ef60c268903cec0015f754721596a2d1148572c93c1aa75b40635a8fba8e673a75d3e09d55a300e0ef181c04f10da549005976bf3bd73cd3fb0f32cfda4b8d56d427646049f4945923b66944e4ce391fd4b892e650da370dbdde11df4d015cd539585095a10b7406831961ad4739d0a2ce410de0074135a158fb77210d4f75448e934e968fc5371e7c1c4cadfa38d8b7e919b51ebf1a6bafc6ff4082fa237363839142f66a21c05b102621fd77a26582e6e626a1e327a9dadfe18330e1410874de064ed438a1cc6626ab6e4f31117ff87a6c537cae594fa0e9db159048af5c4f72522fa09b9c2a34f535a416db51da751636be0e3cb3085d40b1b64e36a173b78baea961899116551f0627f1cf00988cac7e6110fd116184157bd0f64847edf97f58935f6ffdd0e2468790e33f7e72778b9965f2489beaa2bd678c316e332f588661fe7805d151653648f6f6bef7956229145cff3f44604d81012f3d74951573c9f45e46cd0f3594d31160d4205c0cc519ebdda1443346d3d6579c14f63e6609619fee18d684c0987c7daeed4cfa9058be93d3512537e355a6ed7beec83cc7d932617d63a134153e0e9355f4eb7ce4d5e0ee52f432ad1','employee','2020-05-12 23:16:29','2020-05-12 23:17:50'),('f464ad69-2287-4fd0-afd5-bad3a6db1998','Sakura','Haruno','sakura@konoha.com','face589a4fd2c3656eefa5a1cf0ed7cb','bfeea36d807d9735803a229428e38d4d2c5880a22e41cbf5d3270b4235008a35473fef8228e6cc7bc827362867781320741ae0a38c4eb37e4480dda966cf9b5f1ba50f20b116c02cf31c8456e1a455592dfb249c7c3c6f11040633603eff28d68cd205b7344afc4b08e30fdde84d8a428a93f88f4c23fcd05133bfb5eb79c1d5c0df6d9acb82f62c91b849c8a9d4224ebf60d3d92947892c6cfdffde9da7326af89a1500169801f438aebbde62a2939334f15a0fbfb55064df4ef4123b21b63773178775f69939d8955910fb51292b3b691496a2f54c90015d7fe67f4afabd2b7f69f0f123d7bc5a8686438f1943defe88cfcfeeafe3295e24e84b0c3f384ac7ba3585d2216e40ba218031b675203a2fc0f3f2e81fae170c4c61137364ebb62a1126e9c3d709f106ed18fecf910edb5a5816cf2f0e20f6e36ca9887f1473e833c0099c95b3ae34d5ef822e065356c711eff03ef98fc8e52cc9cd34f9d808279a5742ddfba3a206211ccbc86d540c12356f438862b0d9afa25b96b270729b126b6c23bbfe043b3a52a0a93aa0687ecd0b278aed731403679227a88745575da0a86683a814e6b72e54996a63235daf43315dc4ab7d83ae6bdf4755ad282f5069e5849680dba90e9140af590c0be83709cbcd1adbb1f4fe9d7e939bf342d3409a49cee9d78f0cad0178252a08c67060e1070bf21b3e3feb002858de52656cacb22a','employee','2020-05-12 22:46:30','2020-05-13 02:20:16'),('fea9f949-47f4-43ce-890a-bfbd60d88fdd','Kakashi','Hatake','kakashi@konoha.com','4c4ca11c4376b11fff4875d09f06bc21','4d0b4679e6f999e96d732b57403970b6e3d7a89f3f86055c531ed96536fa6828f944666cadfefdbd64e9dff0fd60e3a0bd13eef2cdaf446e6fc03a58197275ef73ab0e5ebf6cf1c7bda4a5ff7d0d1033d79fc373734bf95a5929dbad988d584d9810cc7ea2f21e71d1d8e6ae279a6eb66ed5fc6ddf3cf265c5e8a3df59a1980a1a0ffe94c63eab983ae10373dcaa81a6abce2c0c96d1594e673623985203ac488eae5051482a544aad1437e1ff63743235aa61ab1299276359af2169525b554f0eb9d6bd54ed6c97c70d2ea08662d9bdf7928691a4c421d73931dc787393eaad8e284e88ecd2657098f120cfe7a133bc56e9f379ca03e0d01141ab2778a89edbfc3e014ba7ad792b59756ad923121cd63358b1855bca14651305c5d10a7898baaad131e2dc6279f671fc8c4ae153e87352e6a51769155a584d52e235bcbcac651d8f7cc7b1ecc671221d55325e70bce70ed60fd82fbce3e62cc7de7fef675d46699c4664f46ea20b87aa9e75dd6b32c7f7e1f46ba78c5c11d044b89d71377093489e25db8fe1693fa804b4e494ff554060198c616d6f1ba048124e224a332b14ceb1b28493301f93cbb019730de5177d3d6c281f32f8929c185bc19d642f969a6a192e2fcfa2e8be6e937e002de8cf355888df2ed16e199399828e7637da62469cf05b67e769828ca1104db998f0b414eb8db93b882297f4063fd143f5ce30c7','employee','2020-05-12 12:58:59','2020-05-13 02:20:19');
/*!40000 ALTER TABLE `users` ENABLE KEYS */;
UNLOCK TABLES;
/*!40103 SET TIME_ZONE=@OLD_TIME_ZONE */;

/*!40101 SET SQL_MODE=@OLD_SQL_MODE */;
/*!40014 SET FOREIGN_KEY_CHECKS=@OLD_FOREIGN_KEY_CHECKS */;
/*!40014 SET UNIQUE_CHECKS=@OLD_UNIQUE_CHECKS */;
/*!40101 SET CHARACTER_SET_CLIENT=@OLD_CHARACTER_SET_CLIENT */;
/*!40101 SET CHARACTER_SET_RESULTS=@OLD_CHARACTER_SET_RESULTS */;
/*!40101 SET COLLATION_CONNECTION=@OLD_COLLATION_CONNECTION */;
/*!40111 SET SQL_NOTES=@OLD_SQL_NOTES */;

-- Dump completed on 2020-05-13 15:24:07
